,,GUARDIÃO,CLUSTER 2025,CLUSTER 2026 (Atual),ESSENCIAIS,,,,,,,,,,,,,,,,,,,,,,,,,
,,,,,,,,,,,,,,,,,,,,,,,,,,,,,,
REGIÃO,Última att: 06/10/2026, 16:09,,,,Faturamento,,,CSAT,,,,,,,Tempo de Permanência no MEJ,,Engajamento com o MEJ,,,,,,,,,,,,,
,EMPRESA JUNIOR,,,,Meta,Real,% em relação a meta,Meta,CSAT Final,CSAT Parcial,% Coleta,% Coleta Tracking,Contratos 2026,Finalizado,Meta,Real,Meta,Real,Nº Membros,N° membros ECM,GAP,Encontro de Lideranças do MEJ 2026,Lidera 26,GRUPEIRA 26,EGEJ 26,Cerrado em Destaque , MEJ TANK,ACELERA'26,ENEJ26: Ouse Ser Resposta,EMPODERA 26
CENTRO-OESTE,Acústica Jr,Josué,1,1,R$ 1.500,00,R$ 0,00,0,00%,3,50,1,00,3,50,0,00%,0,00%,0,0,50,00%,0,00%,51%,0,00%,2,0,2,Não presente,Não presente,Não presente,Não presente,Não presente,Não presente,Não presente,,
NORTE,AGR Jr. Consultoria Agronômica ,Chaves,1,2,R$ 4.600,00,R$ 9.958,69,216,49%,3,50,1,00,1,00,50,00%,66,67%,4,3,50,00%,0,00%,56%,86,40%,22,19,0,Não presente,Não presente,Não presente,Não presente,Não presente,Não presente,Não presente,,
LESTE,AJTAL - ASSOCIAÇÃO JÚNIOR DE TECNÓLOGOS EM ALIMENTOS CONSULTORIA E PROJETOS,Gustavo,1,1,R$ 1.500,00,R$ 0,00,0,00%,3,50,1,00,3,50,0,00%,0,00%,0,0,50,00%,0,00%,50%,0,00%,1,0,1,Não presente,Não presente,Não presente,Não presente,Não presente,Não presente,Não presente,,
SUL,Atena Consultoria Jr.,João,1,1,R$ 6.440,00,R$ 0,00,0,00%,3,50,1,00,1,00,0,00%,0,00%,0,3,50,00%,0,00%,51%,18,20%,11,2,4,Não presente,Não presente,Não presente,Não presente,Não presente,Não presente,Não presente,,
LESTE,Atlântica Consultoria Internacional,Giovani,1,1,R$ 10.500,00,R$ 10.243,74,97,56%,3,50,1,00,1,00,33,33%,40,00%,6,5,50,00%,0,00%,50%,27,30%,44,12,10,Não presente,Não presente,Não presente,Não presente,Não presente,Não presente,Não presente,,
CENTRO-OESTE,Base Júnior - Arquitetura e Engenharia Civil,Chaves,4,4,R$ 55.300,00,R$ 41.700,00,75,41%,4,00,1,00,5,00,42,11%,80,00%,12,10,50,00%,0,00%,75%,100,00%,32,32,0,Não presente,Não presente,Não presente,Não presente,Não presente,Não presente,Não presente,,
LESTE,BioCode Jr.,Filipe,1,1,R$ 13.000,00,R$ 0,00,0,00%,3,50,1,00,1,00,0,00%,0,00%,0,1,50,00%,0,00%,50%,14,30%,14,2,5,Não presente,Não presente,Não presente,Não presente,Não presente,Não presente,Não presente,,
CENTRO-OESTE,Caduceu Júnior,Lari,4,5,R$ 148.808,69,R$ 117.075,30,78,68%,3,50,1,00,4,60,60,76%,85,71%,70,56,50,00%,0,00%,75%,90,00%,40,36,0,Não presente,Não presente,Não presente,Não presente,Não presente,Não presente,Não presente,,
LESTE,CATALISA - Soluções em Engenharia Química,Isa,2,3,R$ 232.000,00,R$ 156.600,00,67,50%,4,00,1,00,1,00,39,13%,69,23%,16,13,50,00%,0,00%,53%,68,20%,44,30,0,Não presente,Não presente,Não presente,Não presente,Não presente,Não presente,Não presente,,
LESTE,CEANUT,Isa,3,4,R$ 93.892,18,R$ 88.402,21,94,15%,3,60,4,96,4,96,83,33%,92,59%,28,27,50,00%,0,00%,73%,90,60%,32,29,0,Não presente,Não presente,Não presente,Não presente,Não presente,Não presente,Não presente,,
LESTE,CincoLinha Jr,Kelly,1,1,R$ 3.490,25,R$ 4.300,00,123,20%,3,50,1,00,4,00,50,00%,100,00%,2,1,50,00%,0,00%,50%,14,30%,35,5,13,Não presente,Não presente,Não presente,Não presente,Não presente,Não presente,Não presente,,
CENTRO-OESTE,CompAct Jr,Evelyn,2,3,R$ 24.000,00,R$ 23.302,80,97,10%,3,50,1,00,1,00,14,29%,25,00%,4,4,50,00%,0,00%,66%,53,80%,26,14,4,Não presente,Não presente,Não presente,Não presente,Não presente,Não presente,Não presente,,
SUL,CPEn Jr,Luan,1,1,R$ 1.500,00,R$ 0,00,0,00%,3,50,1,00,3,50,0,00%,0,00%,0,0,50,00%,0,00%,50%,0,00%,0,0,0,Não presente,Não presente,Não presente,Não presente,Não presente,Não presente,Não presente,,
LESTE,Crescer Empresa Jr,Lari,1,1,R$ 1.500,00,R$ 0,00,0,00%,3,50,1,00,3,50,0,00%,0,00%,0,0,50,00%,0,00%,50%,0,00%,0,0,0,Não presente,Não presente,Não presente,Não presente,Não presente,Não presente,Não presente,,
CENTRO-OESTE,Crop Jr.,Marcelo,1,1,R$ 9.769,25,R$ 9.235,25,94,53%,3,50,4,70,4,70,83,33%,83,33%,12,12,50,00%,0,00%,68%,25,00%,4,1,2,Não presente,Não presente,Não presente,Não presente,Não presente,Não presente,Não presente,,
CENTRO-OESTE,CultivaSul Jr,Amanda,1,1,R$ 6.293,89,R$ 6.051,00,96,14%,5,00,4,83,4,83,92,31%,92,31%,12,13,62,00%,0,00%,51%,56,50%,23,13,0,Não presente,Não presente,Não presente,Não presente,Não presente,Não presente,Não presente,,
LESTE,Eali Consultoria Junior em Engenharia de Alimentos,Marcelo,1,1,R$ 1.500,00,R$ 2.400,00,160,00%,3,50,1,00,1,00,50,00%,50,00%,2,2,50,00%,0,00%,50%,18,20%,22,4,7,Não presente,Não presente,Não presente,Não presente,Não presente,Não presente,Não presente,,
SUL,ECAPE - EMPRESA JÚNIOR DE CONSULTORIA AGROPECUÁRIA E PLANEJAMENTO ESTRATÉGICO,Régis,1,1,R$ 2.000,00,R$ 1.850,00,92,50%,3,50,1,00,1,00,55,56%,55,56%,6,9,60,00%,0,00%,50%,15,40%,13,2,5,Não presente,Não presente,Não presente,Não presente,Não presente,Não presente,Não presente,,
NORTE,EcoLógica Jr.,Lari,1,1,R$ 1.500,00,R$ 0,00,0,00%,3,50,1,00,3,50,0,00%,0,00%,0,0,50,00%,0,00%,65%,0,00%,7,0,5,Não presente,Não presente,Não presente,Não presente,Não presente,Não presente,Não presente,,
LESTE,EJMinas,Lari,1,1,R$ 1.500,00,R$ 0,00,0,00%,3,50,1,00,3,50,0,00%,0,00%,0,0,50,00%,1,00%,50%,0,00%,2,0,1,Não presente,Não presente,Não presente,Não presente,Não presente,Não presente,Não presente,,
SUL,Emad Jr,João,1,1,R$ 3.969,77,R$ 11.594,72,292,08%,3,50,1,00,1,00,50,00%,66,67%,4,3,50,00%,0,00%,75%,57,70%,26,15,5,Não presente,Não presente,Não presente,Não presente,Não presente,Não presente,Não presente,,
LESTE,EME JR. | Soluções em Engenharia de Materiais, Metalurgia & Minas,Nah,1,2,R$ 30.000,00,R$ 470,00,1,57%,4,00,1,00,1,00,66,67%,66,67%,2,3,50,00%,0,00%,71%,36,40%,33,12,12,Não presente,Não presente,Não presente,Não presente,Não presente,Não presente,Não presente,,
LESTE,Empresa Júnior IDE,Bianca,1,1,R$ 15.350,00,R$ 65.650,00,427,69%,3,50,5,00,5,00,100,00%,100,00%,5,5,50,00%,0,00%,50%,34,60%,52,18,8,Não presente,Não presente,Não presente,Não presente,Não presente,Não presente,Não presente,,
LESTE,Enfitec Júnior,Laura,1,2,R$ 21.500,00,R$ 16.480,00,76,65%,4,00,1,00,5,00,50,00%,83,33%,6,6,65,00%,0,00%,54%,63,90%,36,23,0,Não presente,Não presente,Não presente,Não presente,Não presente,Não presente,Não presente,,
LESTE,EngerSolution Consultoria Jr.,Ryan,1,1,R$ 1.500,00,R$ 0,00,0,00%,3,50,1,00,3,50,0,00%,0,00%,0,0,50,00%,0,00%,50%,0,00%,0,0,0,Não presente,Não presente,Não presente,Não presente,Não presente,Não presente,Não presente,,
LESTE,EPR Consultoria,Vini,5,5,R$ 555.000,00,R$ 418.400,00,75,39%,4,40,1,00,1,00,35,29%,75,00%,12,8,50,00%,0,00%,69%,97,70%,43,42,0,Não presente,Não presente,Não presente,Não presente,Não presente,Não presente,Não presente,,
SUL,Equaliza Engenharia ,Luan,1,1,R$ 3.000,00,R$ 930,00,31,00%,4,00,1,00,1,00,0,00%,0,00%,2,2,50,00%,0,00%,50%,66,70%,12,8,0,Não presente,Não presente,Não presente,Não presente,Não presente,Não presente,Não presente,,
LESTE,Equilíbrio Assessoria Econômica,Vítor,2,3,R$ 52.300,00,R$ 36.029,12,68,89%,4,00,4,87,4,87,88,24%,88,24%,16,17,50,00%,0,00%,75%,78,90%,38,30,0,Não presente,Não presente,Não presente,Não presente,Não presente,Não presente,Não presente,,
LESTE,Escritório Júnior Ruy Cirne Lima,Amanda,1,1,R$ 1.500,00,R$ 0,00,0,00%,3,50,1,00,3,50,0,00%,0,00%,0,0,50,00%,0,00%,50%,7,90%,38,3,16,Não presente,Não presente,Não presente,Não presente,Não presente,Não presente,Não presente,,
LESTE,Esfera Jr. - Arquitetura e Engenharia Civil,Anita,4,5,R$ 87.060,00,R$ 68.865,00,79,10%,4,00,1,00,4,75,35,42%,80,00%,19,20,50,00%,0,00%,75%,68,90%,45,31,3,Não presente,Não presente,Não presente,Não presente,Não presente,Não presente,Não presente,,
CENTRO-OESTE,F5 Junior - Consultoria Internacional,Laura,2,3,R$ 22.700,00,R$ 21.764,65,95,88%,3,50,5,00,5,00,80,00%,80,00%,4,5,50,00%,0,00%,75%,75,00%,42,32,0,Não presente,Não presente,Não presente,Não presente,Não presente,Não presente,Não presente,,
LESTE,Faísca Design Júnior,Bianca,1,1,R$ 31.000,00,R$ 16.429,96,53,00%,4,00,1,00,1,00,23,81%,26,32%,8,19,75,00%,0,00%,50%,19,00%,58,11,18,Não presente,Não presente,Não presente,Não presente,Não presente,Não presente,Não presente,,
CENTRO-OESTE,Floresta Jr - Consultoria e Planejamento Ambiental e Florestal,Evelyn,1,1,R$ 2.941,18,R$ 11.250,00,382,50%,3,50,1,00,1,00,33,33%,50,00%,3,2,50,00%,0,00%,50%,72,70%,11,8,0,Não presente,Não presente,Não presente,Não presente,Não presente,Não presente,Não presente,,
SUL,Hut8,Régis,0,0,R$ 1.500,00,R$ 0,00,0,00%,3,50,1,00,3,50,0,00%,0,00%,0,0,50,00%,0,00%,50%,72,00%,25,18,0,Não presente,Não presente,Não presente,Não presente,Não presente,Não presente,Não presente,,
LESTE,Incentive Jr,Bibi,1,1,R$ 2.100,00,R$ 2.808,56,133,74%,4,00,4,75,4,75,100,00%,100,00%,2,2,50,00%,0,00%,50%,10,00%,30,3,12,Não presente,Não presente,Não presente,Não presente,Não presente,Não presente,Não presente,,
LESTE,Irradiation,Mariana,1,1,R$ 12.712,68,R$ 6.400,00,50,34%,4,00,1,00,1,00,0,00%,0,00%,2,2,50,00%,0,00%,50%,33,30%,9,3,2,Não presente,Não presente,Não presente,Não presente,Não presente,Não presente,Não presente,,
CENTRO-OESTE,ITEP Jr,Giovani,4,5,R$ 210.000,00,R$ 112.215,23,53,44%,3,80,1,00,1,00,30,00%,54,55%,10,11,50,00%,0,00%,75%,96,70%,30,29,0,Não presente,Não presente,Não presente,Não presente,Não presente,Não presente,Não presente,,
LESTE,Kata Consultoria Junior,Kelly,0,1,R$ 1.500,00,R$ 0,00,0,00%,3,50,1,00,3,50,0,00%,0,00%,0,0,50,00%,0,00%,50%,0,00%,0,0,0,Não presente,Não presente,Não presente,Não presente,Não presente,Não presente,Não presente,,
LESTE,Legacy PUCRS Empresa Júnior ,Nah,1,1,R$ 12.296,00,R$ 7.410,00,60,26%,4,00,4,50,4,50,100,00%,100,00%,4,4,50,00%,0,00%,75%,75,00%,35,26,1,Não presente,Não presente,Não presente,Não presente,Não presente,Não presente,Não presente,,
LESTE,Mandala Soluções em Engenharia Ambiental,Pietra,1,2,R$ 32.739,67,R$ 23.634,10,72,19%,3,50,1,00,5,00,60,00%,100,00%,2,3,50,00%,0,00%,55%,87,50%,24,21,0,Não presente,Não presente,Não presente,Não presente,Não presente,Não presente,Não presente,,
CENTRO-OESTE,Mederi Jr,Lari,1,1,R$ 1.500,00,R$ 0,00,0,00%,3,50,1,00,3,50,0,00%,0,00%,0,0,50,00%,0,00%,50%,0,00%,0,0,0,Não presente,Não presente,Não presente,Não presente,Não presente,Não presente,Não presente,,
CENTRO-OESTE,Motora Jr.,Lari,1,1,R$ 1.500,00,R$ 7.002,00,466,80%,3,50,1,00,3,50,0,00%,0,00%,3,0,60,00%,0,00%,68%,63,00%,27,17,2,Não presente,Não presente,Não presente,Não presente,Não presente,Não presente,Não presente,,
LESTE,MOVA ,Anita,1,1,R$ 1.500,00,R$ 2.404,00,160,27%,4,00,1,00,5,00,76,92%,83,33%,13,12,75,00%,0,00%,50%,7,40%,27,2,12,Não presente,Não presente,Não presente,Não presente,Não presente,Não presente,Não presente,,
CENTRO-OESTE,Movimenta Jr. ,Lari,1,1,R$ 1.500,00,R$ 0,00,0,00%,3,50,1,00,3,50,0,00%,0,00%,0,0,50,00%,0,00%,50%,0,00%,0,0,0,Não presente,Não presente,Não presente,Não presente,Não presente,Não presente,Não presente,,
LESTE,Neodonto Jr. - Empresa Júnior de Odontologia,Josué,1,1,R$ 1.500,00,R$ 0,00,0,00%,3,50,1,00,3,50,0,00%,0,00%,0,0,50,00%,0,00%,50%,12,50%,24,3,9,Não presente,Não presente,Não presente,Não presente,Não presente,Não presente,Não presente,,
LESTE,NutriAção,Mariana,2,1,R$ 9.616,23,R$ 24.266,20,252,35%,3,50,5,00,5,00,80,00%,100,00%,5,4,50,00%,0,00%,50%,27,80%,18,5,4,Não presente,Não presente,Não presente,Não presente,Não presente,Não presente,Não presente,,
CENTRO-OESTE,Nuvem Jr.,Pietra,2,3,R$ 46.865,51,R$ 42.716,00,91,15%,3,50,1,00,4,67,46,15%,85,71%,13,7,50,00%,0,00%,75%,76,70%,30,23,0,Não presente,Não presente,Não presente,Não presente,Não presente,Não presente,Não presente,,
CENTRO-OESTE,Objetiva Jr,Ryan,3,3,R$ 33.386,62,R$ 35.731,74,107,02%,3,50,1,00,3,50,66,67%,100,00%,3,2,50,00%,0,00%,75%,95,20%,21,20,0,Não presente,Não presente,Não presente,Não presente,Não presente,Não presente,Não presente,,
SUL,Opus Consultoria Júnior,Rafa,1,1,R$ 1.500,00,R$ 0,00,0,00%,3,50,1,00,3,50,0,00%,0,00%,0,0,50,00%,0,00%,50%,33,30%,6,2,1,Não presente,Não presente,Não presente,Não presente,Não presente,Não presente,Não presente,,
LESTE,OTMZA  Assessoria em Engenharia,Rafa,1,1,R$ 28.010,00,R$ 0,00,0,00%,3,50,1,00,3,50,0,00%,0,00%,0,0,60,00%,0,00%,50%,0,00%,26,0,13,Não presente,Não presente,Não presente,Não presente,Não presente,Não presente,Não presente,,
SUL,Phi Consultoria Jr,Kelly,1,1,R$ 1.500,00,R$ 0,00,0,00%,3,50,1,00,3,50,0,00%,0,00%,0,0,50,00%,0,00%,51%,0,00%,0,0,0,Não presente,Não presente,Não presente,Não presente,Não presente,Não presente,Não presente,,
LESTE,PS Júnior,Bibi,5,5,R$ 331.251,18,R$ 276.960,70,83,61%,3,50,4,55,4,55,95,24%,100,00%,40,60,50,00%,0,00%,75%,95,50%,44,42,0,Não presente,Não presente,Não presente,Não presente,Não presente,Não presente,Não presente,,
LESTE,Quimlabor Jr.,Gustavo,2,2,R$ 23.300,00,R$ 2.385,00,10,24%,4,00,1,00,1,00,75,00%,75,00%,3,4,50,00%,0,00%,60%,50,00%,14,7,2,Não presente,Não presente,Não presente,Não presente,Não presente,Não presente,Não presente,,
LESTE,RELAB Jr. Consultoria,Chaves,2,1,R$ 28.000,00,R$ 38.153,33,136,26%,4,00,1,00,4,40,55,56%,100,00%,12,5,70,00%,0,00%,50%,58,10%,31,18,0,Não presente,Não presente,Não presente,Não presente,Não presente,Não presente,Não presente,,
LESTE,Renova Jr.,Filipe,2,3,R$ 84.108,51,R$ 17.813,44,21,18%,3,50,1,00,1,00,54,55%,75,00%,9,8,50,00%,0,00%,69%,25,50%,51,13,23,Não presente,Não presente,Não presente,Não presente,Não presente,Não presente,Não presente,,
CENTRO-OESTE,RENOVE JR.,Vini,1,2,R$ 35.000,00,R$ 28.950,00,82,71%,4,00,1,00,1,00,0,00%,0,00%,11,4,50,00%,0,00%,61%,41,90%,31,13,6,Não presente,Não presente,Não presente,Não presente,Não presente,Não presente,Não presente,,
NORTE,Rumivet Jr. Consultoria Veterinária,Angel,1,1,R$ 3.829,50,R$ 2.680,00,69,98%,3,50,4,33,4,33,85,71%,85,71%,7,7,60,00%,0,00%,51%,27,80%,18,5,5,Não presente,Não presente,Não presente,Não presente,Não presente,Não presente,Não presente,,
LESTE,Sinc,Vítor,1,1,R$ 1.500,00,R$ 0,00,0,00%,3,50,1,00,3,50,0,00%,0,00%,0,0,50,00%,0,00%,50%,37,50%,8,3,1,Não presente,Não presente,Não presente,Não presente,Não presente,Não presente,Não presente,,
CENTRO-OESTE,TechVet Júnior,Bibi,1,1,R$ 1.956,79,R$ 2.410,00,123,16%,3,50,1,00,1,00,50,00%,100,00%,1,1,50,00%,0,00%,75%,60,00%,10,6,2,Não presente,Não presente,Não presente,Não presente,Não presente,Não presente,Não presente,,
LESTE,UCS JR. Consultoria,Nath,1,1,R$ 8.855,00,R$ 0,00,0,00%,3,50,1,00,1,00,0,00%,0,00%,0,1,50,00%,0,00%,50%,6,70%,15,1,7,Não presente,Não presente,Não presente,Não presente,Não presente,Não presente,Não presente,,
NORTE,Visão Júnior,Nath,1,1,R$ 12.650,00,R$ 7.900,00,62,45%,3,50,1,00,1,00,33,33%,33,33%,2,3,50,00%,0,00%,50%,50,00%,12,6,0,Não presente,Não presente,Não presente,Não presente,Não presente,Não presente,Não presente,,
,,,,,,,,,,,,,,,,,,,,,,,,,,,,,,
