ID_DO_PRODUTO,PRODUTO_DE_CONEXAO,NPS,ID_EJ,EJ,FEDERACAO,PARTICIPANTES,CLUSTER,ECM META,ECM ATUAL,MEMBROS TOTAL,MEMBROS ECM,GAP MEMBROS,Região
943,Encontro de Lideranças do MEJ 2026,0,68,Esfera Jr. - Arquitetura e Engenharia Civil,FEJERS,2,5,"0,75","0,69",45,31,3,LESTE
943,Encontro de Lideranças do MEJ 2026,0,98,PS Júnior,FEJERS,9,5,"0,75","0,96",44,42,0,LESTE
943,Encontro de Lideranças do MEJ 2026,0,102,EPR Consultoria,FEJERS,14,5,"0,69","0,98",43,42,0,LESTE
943,Encontro de Lideranças do MEJ 2026,0,123,Base Júnior - Arquitetura e Engenharia Civil,FEJERS,4,4,"0,75","1,00",32,32,0,CENTRO-OESTE
943,Encontro de Lideranças do MEJ 2026,0,135,Caduceu Júnior,FEJERS,7,5,"0,75","0,90",40,36,0,CENTRO-OESTE
943,Encontro de Lideranças do MEJ 2026,0,188,ITEP Jr,FEJERS,5,5,"0,75","0,97",30,29,0,CENTRO-OESTE
943,Encontro de Lideranças do MEJ 2026,0,1020,Quimlabor Jr.,FEJERS,1,2,"0,60","0,50",14,7,2,LESTE
943,Encontro de Lideranças do MEJ 2026,0,1244,F5 Junior - Consultoria Internacional,FEJERS,3,3,"0,75","0,75",42,32,0,CENTRO-OESTE
943,Encontro de Lideranças do MEJ 2026,0,3076,Irradiation,FEJERS,1,1,"0,50","0,33",9,3,2,LESTE
943,Encontro de Lideranças do MEJ 2026,0,3275,Nuvem Jr.,FEJERS,2,3,"0,75","0,77",30,23,0,CENTRO-OESTE
959,Lidera 26,8,68,Esfera Jr. - Arquitetura e Engenharia Civil,FEJERS,8,5,"0,75","0,69",45,31,3,LESTE
959,Lidera 26,8,98,PS Júnior,FEJERS,21,5,"0,75","0,96",44,42,0,LESTE
959,Lidera 26,8,99,Equilíbrio Assessoria Econômica,FEJERS,8,3,"0,75","0,79",38,30,0,LESTE
959,Lidera 26,8,102,EPR Consultoria,FEJERS,16,5,"0,69","0,98",43,42,0,LESTE
959,Lidera 26,8,112,CompAct Jr,FEJERS,5,3,"0,66","0,54",26,14,4,CENTRO-OESTE
959,Lidera 26,8,115,Objetiva Jr,FEJERS,7,3,"0,75","0,95",21,20,0,CENTRO-OESTE
959,Lidera 26,8,123,Base Júnior - Arquitetura e Engenharia Civil,FEJERS,9,4,"0,75","1,00",32,32,0,CENTRO-OESTE
959,Lidera 26,8,135,Caduceu Júnior,FEJERS,15,5,"0,75","0,90",40,36,0,CENTRO-OESTE
959,Lidera 26,8,188,ITEP Jr,FEJERS,9,5,"0,75","0,97",30,29,0,CENTRO-OESTE
959,Lidera 26,8,407,TechVet Júnior,FEJERS,2,1,"0,75","0,60",10,6,2,CENTRO-OESTE
959,Lidera 26,8,408,Mandala Soluções em Engenharia Ambiental,FEJERS,6,2,"0,55","0,88",24,21,0,LESTE
959,Lidera 26,8,463,Empresa Júnior IDE,FEJERS,3,1,"0,50","0,35",52,18,8,LESTE
959,Lidera 26,8,571,CATALISA - Soluções em Engenharia Química,FEJERS,8,3,"0,53","0,68",44,30,0,LESTE
959,Lidera 26,8,604,Faísca Design Júnior,FEJERS,4,1,"0,50","0,19",58,11,18,LESTE
959,Lidera 26,8,722,"EME JR. | Soluções em Engenharia de Materiais, Metalurgia & Minas",FEJERS,2,2,"0,71","0,36",33,12,12,LESTE
959,Lidera 26,8,749,Enfitec Júnior,FEJERS,14,2,"0,54","0,64",36,23,0,LESTE
959,Lidera 26,8,808,RENOVE JR.,FEJERS,1,2,"0,61","0,42",31,13,6,CENTRO-OESTE
959,Lidera 26,8,1244,F5 Junior - Consultoria Internacional,FEJERS,9,3,"0,75","0,75",42,32,0,CENTRO-OESTE
959,Lidera 26,8,1694,Atlântica Consultoria Internacional,FEJERS,1,1,"0,50","0,27",44,12,10,LESTE
959,Lidera 26,8,2029,Emad Jr,FEJERS,7,1,"0,75","0,58",26,15,5,SUL
959,Lidera 26,8,2284,CultivaSul Jr,FEJERS,4,1,"0,51","0,57",23,13,0,CENTRO-OESTE
959,Lidera 26,8,2598,Legacy PUCRS Empresa Júnior ,FEJERS,5,1,"0,75","0,75",35,26,1,LESTE
959,Lidera 26,8,3258,RELAB Jr. Consultoria,FEJERS,5,1,"0,50","0,58",31,18,0,LESTE
959,Lidera 26,8,3275,Nuvem Jr.,FEJERS,7,3,"0,75","0,77",30,23,0,CENTRO-OESTE
959,Lidera 26,8,3454,Crop Jr.,FEJERS,1,1,"0,68","0,25",4,1,2,CENTRO-OESTE
999,GRUPEIRA 26,,68,Esfera Jr. - Arquitetura e Engenharia Civil,FEJERS,14,5,"0,75","0,69",45,31,3,LESTE
999,GRUPEIRA 26,,98,PS Júnior,FEJERS,41,5,"0,75","0,96",44,42,0,LESTE
999,GRUPEIRA 26,,99,Equilíbrio Assessoria Econômica,FEJERS,10,3,"0,75","0,79",38,30,0,LESTE
999,GRUPEIRA 26,,107,CEANUT,FEJERS,5,4,"0,73","0,91",32,29,0,LESTE
999,GRUPEIRA 26,,112,CompAct Jr,FEJERS,5,3,"0,66","0,54",26,14,4,CENTRO-OESTE
999,GRUPEIRA 26,,115,Objetiva Jr,FEJERS,5,3,"0,75","0,95",21,20,0,CENTRO-OESTE
999,GRUPEIRA 26,,123,Base Júnior - Arquitetura e Engenharia Civil,FEJERS,25,4,"0,75","1,00",32,32,0,CENTRO-OESTE
999,GRUPEIRA 26,,124,Visão Júnior,FEJERS,1,1,"0,50","0,50",12,6,0,NORTE
999,GRUPEIRA 26,,135,Caduceu Júnior,FEJERS,32,5,"0,75","0,90",40,36,0,CENTRO-OESTE
999,GRUPEIRA 26,,188,ITEP Jr,FEJERS,16,5,"0,75","0,97",30,29,0,CENTRO-OESTE
999,GRUPEIRA 26,,407,TechVet Júnior,FEJERS,3,1,"0,75","0,60",10,6,2,CENTRO-OESTE
999,GRUPEIRA 26,,408,Mandala Soluções em Engenharia Ambiental,FEJERS,17,2,"0,55","0,88",24,21,0,LESTE
999,GRUPEIRA 26,,571,CATALISA - Soluções em Engenharia Química,FEJERS,10,3,"0,53","0,68",44,30,0,LESTE
999,GRUPEIRA 26,,596,Renova Jr.,FEJERS,6,3,"0,69","0,26",51,13,23,LESTE
999,GRUPEIRA 26,,604,Faísca Design Júnior,FEJERS,7,1,"0,50","0,19",58,11,18,LESTE
999,GRUPEIRA 26,,722,"EME JR. | Soluções em Engenharia de Materiais, Metalurgia & Minas",FEJERS,9,2,"0,71","0,36",33,12,12,LESTE
999,GRUPEIRA 26,,749,Enfitec Júnior,FEJERS,14,2,"0,54","0,64",36,23,0,LESTE
999,GRUPEIRA 26,,808,RENOVE JR.,FEJERS,8,2,"0,61","0,42",31,13,6,CENTRO-OESTE
999,GRUPEIRA 26,,892,Floresta Jr - Consultoria e Planejamento Ambiental e Florestal,FEJERS,2,1,"0,50","0,73",11,8,0,CENTRO-OESTE
999,GRUPEIRA 26,,1174,Atena Consultoria Jr.,FEJERS,2,1,"0,51","0,18",11,2,4,SUL
999,GRUPEIRA 26,,1234,Motora Jr.,FEJERS,13,1,"0,68","0,63",27,17,2,CENTRO-OESTE
999,GRUPEIRA 26,,1244,F5 Junior - Consultoria Internacional,FEJERS,24,3,"0,75","0,75",42,32,0,CENTRO-OESTE
999,GRUPEIRA 26,,1397,ECAPE - EMPRESA JÚNIOR DE CONSULTORIA AGROPECUÁRIA E PLANEJAMENTO ESTRATÉGICO,FEJERS,2,1,"0,50","0,15",13,2,5,SUL
999,GRUPEIRA 26,,1534,Opus Consultoria Júnior,FEJERS,2,1,"0,50","0,33",6,2,1,SUL
999,GRUPEIRA 26,,1694,Atlântica Consultoria Internacional,FEJERS,7,1,"0,50","0,27",44,12,10,LESTE
999,GRUPEIRA 26,,2029,Emad Jr,FEJERS,5,1,"0,75","0,58",26,15,5,SUL
999,GRUPEIRA 26,,2284,CultivaSul Jr,FEJERS,2,1,"0,51","0,57",23,13,0,CENTRO-OESTE
999,GRUPEIRA 26,,2549,Equaliza Engenharia ,FEJERS,8,1,"0,50","0,67",12,8,0,SUL
999,GRUPEIRA 26,,2598,Legacy PUCRS Empresa Júnior ,FEJERS,14,1,"0,75","0,75",35,26,1,LESTE
999,GRUPEIRA 26,,3000,AGR Jr. Consultoria Agronômica ,FEJERS,3,2,"0,56","0,86",22,19,0,NORTE
999,GRUPEIRA 26,,3076,Irradiation,FEJERS,2,1,"0,50","0,33",9,3,2,LESTE
999,GRUPEIRA 26,,3258,RELAB Jr. Consultoria,FEJERS,4,1,"0,50","0,58",31,18,0,LESTE
999,GRUPEIRA 26,,3275,Nuvem Jr.,FEJERS,14,3,"0,75","0,77",30,23,0,CENTRO-OESTE
999,GRUPEIRA 26,,3339,Rumivet Jr. Consultoria Veterinária,FEJERS,5,1,"0,51","0,28",18,5,5,NORTE
999,GRUPEIRA 26,,3604,Hut8,FEJERS,9,0,"0,50","0,72",25,18,0,SUL
1013,EGEJ 26,,68,Esfera Jr. - Arquitetura e Engenharia Civil,FEJERS,24,5,"0,75","0,69",45,31,3,LESTE
1013,EGEJ 26,,98,PS Júnior,FEJERS,41,5,"0,75","0,96",44,42,0,LESTE
1013,EGEJ 26,,99,Equilíbrio Assessoria Econômica,FEJERS,18,3,"0,75","0,79",38,30,0,LESTE
1013,EGEJ 26,,102,EPR Consultoria,FEJERS,21,5,"0,69","0,98",43,42,0,LESTE
1013,EGEJ 26,,103,UCS JR. Consultoria,FEJERS,1,1,"0,50","0,07",15,1,7,LESTE
1013,EGEJ 26,,107,CEANUT,FEJERS,24,4,"0,73","0,91",32,29,0,LESTE
1013,EGEJ 26,,112,CompAct Jr,FEJERS,11,3,"0,66","0,54",26,14,4,CENTRO-OESTE
1013,EGEJ 26,,115,Objetiva Jr,FEJERS,16,3,"0,75","0,95",21,20,0,CENTRO-OESTE
1013,EGEJ 26,,123,Base Júnior - Arquitetura e Engenharia Civil,FEJERS,21,4,"0,75","1,00",32,32,0,CENTRO-OESTE
1013,EGEJ 26,,124,Visão Júnior,FEJERS,6,1,"0,50","0,50",12,6,0,NORTE
1013,EGEJ 26,,135,Caduceu Júnior,FEJERS,35,5,"0,75","0,90",40,36,0,CENTRO-OESTE
1013,EGEJ 26,,188,ITEP Jr,FEJERS,20,5,"0,75","0,97",30,29,0,CENTRO-OESTE
1013,EGEJ 26,,407,TechVet Júnior,FEJERS,2,1,"0,75","0,60",10,6,2,CENTRO-OESTE
1013,EGEJ 26,,408,Mandala Soluções em Engenharia Ambiental,FEJERS,21,2,"0,55","0,88",24,21,0,LESTE
1013,EGEJ 26,,463,Empresa Júnior IDE,FEJERS,17,1,"0,50","0,35",52,18,8,LESTE
1013,EGEJ 26,,570,Eali Consultoria Junior em Engenharia de Alimentos,FEJERS,4,1,"0,50","0,18",22,4,7,LESTE
1013,EGEJ 26,,571,CATALISA - Soluções em Engenharia Química,FEJERS,23,3,"0,53","0,68",44,30,0,LESTE
1013,EGEJ 26,,596,Renova Jr.,FEJERS,5,3,"0,69","0,26",51,13,23,LESTE
1013,EGEJ 26,,604,Faísca Design Júnior,FEJERS,5,1,"0,50","0,19",58,11,18,LESTE
1013,EGEJ 26,,722,"EME JR. | Soluções em Engenharia de Materiais, Metalurgia & Minas",FEJERS,9,2,"0,71","0,36",33,12,12,LESTE
1013,EGEJ 26,,749,Enfitec Júnior,FEJERS,17,2,"0,54","0,64",36,23,0,LESTE
1013,EGEJ 26,,808,RENOVE JR.,FEJERS,12,2,"0,61","0,42",31,13,6,CENTRO-OESTE
1013,EGEJ 26,,892,Floresta Jr - Consultoria e Planejamento Ambiental e Florestal,FEJERS,2,1,"0,50","0,73",11,8,0,CENTRO-OESTE
1013,EGEJ 26,,1020,Quimlabor Jr.,FEJERS,7,2,"0,60","0,50",14,7,2,LESTE
1013,EGEJ 26,,1021,Sinc,FEJERS,3,1,"0,50","0,38",8,3,1,LESTE
1013,EGEJ 26,,1234,Motora Jr.,FEJERS,12,1,"0,68","0,63",27,17,2,CENTRO-OESTE
1013,EGEJ 26,,1244,F5 Junior - Consultoria Internacional,FEJERS,27,3,"0,75","0,75",42,32,0,CENTRO-OESTE
1013,EGEJ 26,,1494,NutriAção,FEJERS,4,1,"0,50","0,28",18,5,4,LESTE
1013,EGEJ 26,,1534,Opus Consultoria Júnior,FEJERS,1,1,"0,50","0,33",6,2,1,SUL
1013,EGEJ 26,,1694,Atlântica Consultoria Internacional,FEJERS,4,1,"0,50","0,27",44,12,10,LESTE
1013,EGEJ 26,,2029,Emad Jr,FEJERS,14,1,"0,75","0,58",26,15,5,SUL
1013,EGEJ 26,,2284,CultivaSul Jr,FEJERS,7,1,"0,51","0,57",23,13,0,CENTRO-OESTE
1013,EGEJ 26,,2438,Incentive Jr,FEJERS,2,1,"0,50","0,10",30,3,12,LESTE
1013,EGEJ 26,,2520,CincoLinha Jr,FEJERS,3,1,"0,50","0,14",35,5,13,LESTE
1013,EGEJ 26,,2598,Legacy PUCRS Empresa Júnior ,FEJERS,15,1,"0,75","0,75",35,26,1,LESTE
1013,EGEJ 26,,2608,Escritório Júnior Ruy Cirne Lima,FEJERS,3,1,"0,50","0,08",38,3,16,LESTE
1013,EGEJ 26,,2803,Neodonto Jr. - Empresa Júnior de Odontologia,FEJERS,3,1,"0,50","0,13",24,3,9,LESTE
1013,EGEJ 26,,3000,AGR Jr. Consultoria Agronômica ,FEJERS,13,2,"0,56","0,86",22,19,0,NORTE
1013,EGEJ 26,,3076,Irradiation,FEJERS,2,1,"0,50","0,33",9,3,2,LESTE
1013,EGEJ 26,,3253,BioCode Jr.,FEJERS,2,1,"0,50","0,14",14,2,5,LESTE
1013,EGEJ 26,,3258,RELAB Jr. Consultoria,FEJERS,14,1,"0,50","0,58",31,18,0,LESTE
1013,EGEJ 26,,3275,Nuvem Jr.,FEJERS,20,3,"0,75","0,77",30,23,0,CENTRO-OESTE
1013,EGEJ 26,,3339,Rumivet Jr. Consultoria Veterinária,FEJERS,2,1,"0,51","0,28",18,5,5,NORTE
1013,EGEJ 26,,3454,Crop Jr.,FEJERS,1,1,"0,68","0,25",4,1,2,CENTRO-OESTE
1013,EGEJ 26,,3604,Hut8,FEJERS,18,0,"0,50","0,72",25,18,0,SUL
1026,Cerrado em Destaque ,,123,Base Júnior - Arquitetura e Engenharia Civil,FEJERS,5,4,"0,75","1,00",32,32,0,CENTRO-OESTE
1026,Cerrado em Destaque ,,1018,EcoLógica Jr.,FEJERS,1,1,"0,65","0,00",7,0,5,NORTE
1026,Cerrado em Destaque ,,3000,AGR Jr. Consultoria Agronômica ,FEJERS,6,2,"0,56","0,86",22,19,0,NORTE
1026,Cerrado em Destaque ,,3258,RELAB Jr. Consultoria,FEJERS,1,1,"0,50","0,58",31,18,0,LESTE
1040, MEJ TANK,,2520,CincoLinha Jr,FEJERS,1,1,"0,50","0,14",35,5,13,LESTE
1042,ACELERA'26,,2284,CultivaSul Jr,FEJERS,3,1,"0,51","0,57",23,13,0,CENTRO-OESTE
1049,ENEJ26: Ouse Ser Resposta,,68,Esfera Jr. - Arquitetura e Engenharia Civil,FEJERS,6,5,"0,75","0,69",45,31,3,LESTE
1049,ENEJ26: Ouse Ser Resposta,,98,PS Júnior,FEJERS,23,5,"0,75","0,96",44,42,0,LESTE
1049,ENEJ26: Ouse Ser Resposta,,102,EPR Consultoria,FEJERS,21,5,"0,69","0,98",43,42,0,LESTE
1049,ENEJ26: Ouse Ser Resposta,,115,Objetiva Jr,FEJERS,9,3,"0,75","0,95",21,20,0,CENTRO-OESTE
1049,ENEJ26: Ouse Ser Resposta,,123,Base Júnior - Arquitetura e Engenharia Civil,FEJERS,2,4,"0,75","1,00",32,32,0,CENTRO-OESTE
1049,ENEJ26: Ouse Ser Resposta,,135,Caduceu Júnior,FEJERS,24,5,"0,75","0,90",40,36,0,CENTRO-OESTE
1049,ENEJ26: Ouse Ser Resposta,,188,ITEP Jr,FEJERS,16,5,"0,75","0,97",30,29,0,CENTRO-OESTE
1049,ENEJ26: Ouse Ser Resposta,,408,Mandala Soluções em Engenharia Ambiental,FEJERS,4,2,"0,55","0,88",24,21,0,LESTE
1049,ENEJ26: Ouse Ser Resposta,,571,CATALISA - Soluções em Engenharia Química,FEJERS,1,3,"0,53","0,68",44,30,0,LESTE
1049,ENEJ26: Ouse Ser Resposta,,596,Renova Jr.,FEJERS,2,3,"0,69","0,26",51,13,23,LESTE
1049,ENEJ26: Ouse Ser Resposta,,722,"EME JR. | Soluções em Engenharia de Materiais, Metalurgia & Minas",FEJERS,3,2,"0,71","0,36",33,12,12,LESTE
1049,ENEJ26: Ouse Ser Resposta,,749,Enfitec Júnior,FEJERS,1,2,"0,54","0,64",36,23,0,LESTE
1049,ENEJ26: Ouse Ser Resposta,,1244,F5 Junior - Consultoria Internacional,FEJERS,3,3,"0,75","0,75",42,32,0,CENTRO-OESTE
1049,ENEJ26: Ouse Ser Resposta,,1694,Atlântica Consultoria Internacional,FEJERS,2,1,"0,50","0,27",44,12,10,LESTE
1049,ENEJ26: Ouse Ser Resposta,,2598,Legacy PUCRS Empresa Júnior ,FEJERS,1,1,"0,75","0,75",35,26,1,LESTE
1049,ENEJ26: Ouse Ser Resposta,,3258,RELAB Jr. Consultoria,FEJERS,2,1,"0,50","0,58",31,18,0,LESTE
1049,ENEJ26: Ouse Ser Resposta,,3275,Nuvem Jr.,FEJERS,4,3,"0,75","0,77",30,23,0,CENTRO-OESTE
1051,EMPODERA 26,,68,Esfera Jr. - Arquitetura e Engenharia Civil,FEJERS,17,5,"0,75","0,69",45,31,3,LESTE
1051,EMPODERA 26,,98,PS Júnior,FEJERS,25,5,"0,75","0,96",44,42,0,LESTE
1051,EMPODERA 26,,99,Equilíbrio Assessoria Econômica,FEJERS,19,3,"0,75","0,79",38,30,0,LESTE
1051,EMPODERA 26,,102,EPR Consultoria,FEJERS,25,5,"0,69","0,98",43,42,0,LESTE
1051,EMPODERA 26,,107,CEANUT,FEJERS,15,4,"0,73","0,91",32,29,0,LESTE
1051,EMPODERA 26,,112,CompAct Jr,FEJERS,8,3,"0,66","0,54",26,14,4,CENTRO-OESTE
1051,EMPODERA 26,,115,Objetiva Jr,FEJERS,11,3,"0,75","0,95",21,20,0,CENTRO-OESTE
1051,EMPODERA 26,,123,Base Júnior - Arquitetura e Engenharia Civil,FEJERS,18,4,"0,75","1,00",32,32,0,CENTRO-OESTE
1051,EMPODERA 26,,135,Caduceu Júnior,FEJERS,28,5,"0,75","0,90",40,36,0,CENTRO-OESTE
1051,EMPODERA 26,,188,ITEP Jr,FEJERS,22,5,"0,75","0,97",30,29,0,CENTRO-OESTE
1051,EMPODERA 26,,407,TechVet Júnior,FEJERS,3,1,"0,75","0,60",10,6,2,CENTRO-OESTE
1051,EMPODERA 26,,408,Mandala Soluções em Engenharia Ambiental,FEJERS,12,2,"0,55","0,88",24,21,0,LESTE
1051,EMPODERA 26,,463,Empresa Júnior IDE,FEJERS,4,1,"0,50","0,35",52,18,8,LESTE
1051,EMPODERA 26,,571,CATALISA - Soluções em Engenharia Química,FEJERS,19,3,"0,53","0,68",44,30,0,LESTE
1051,EMPODERA 26,,596,Renova Jr.,FEJERS,11,3,"0,69","0,26",51,13,23,LESTE
1051,EMPODERA 26,,604,Faísca Design Júnior,FEJERS,3,1,"0,50","0,19",58,11,18,LESTE
1051,EMPODERA 26,,749,Enfitec Júnior,FEJERS,12,2,"0,54","0,64",36,23,0,LESTE
1051,EMPODERA 26,,808,RENOVE JR.,FEJERS,6,2,"0,61","0,42",31,13,6,CENTRO-OESTE
1051,EMPODERA 26,,892,Floresta Jr - Consultoria e Planejamento Ambiental e Florestal,FEJERS,10,1,"0,50","0,73",11,8,0,CENTRO-OESTE
1051,EMPODERA 26,,1020,Quimlabor Jr.,FEJERS,1,2,"0,60","0,50",14,7,2,LESTE
1051,EMPODERA 26,,1234,Motora Jr.,FEJERS,5,1,"0,68","0,63",27,17,2,CENTRO-OESTE
1051,EMPODERA 26,,1244,F5 Junior - Consultoria Internacional,FEJERS,20,3,"0,75","0,75",42,32,0,CENTRO-OESTE
1051,EMPODERA 26,,1494,NutriAção,FEJERS,3,1,"0,50","0,28",18,5,4,LESTE
1051,EMPODERA 26,,1679,MOVA ,FEJERS,2,1,"0,50","0,07",27,2,12,LESTE
1051,EMPODERA 26,,1694,Atlântica Consultoria Internacional,FEJERS,7,1,"0,50","0,27",44,12,10,LESTE
1051,EMPODERA 26,,2284,CultivaSul Jr,FEJERS,6,1,"0,51","0,57",23,13,0,CENTRO-OESTE
1051,EMPODERA 26,,2438,Incentive Jr,FEJERS,1,1,"0,50","0,10",30,3,12,LESTE
1051,EMPODERA 26,,2520,CincoLinha Jr,FEJERS,4,1,"0,50","0,14",35,5,13,LESTE
1051,EMPODERA 26,,2598,Legacy PUCRS Empresa Júnior ,FEJERS,15,1,"0,75","0,75",35,26,1,LESTE
1051,EMPODERA 26,,3258,RELAB Jr. Consultoria,FEJERS,7,1,"0,50","0,58",31,18,0,LESTE
1051,EMPODERA 26,,3275,Nuvem Jr.,FEJERS,14,3,"0,75","0,77",30,23,0,CENTRO-OESTE
1051,EMPODERA 26,,3454,Crop Jr.,FEJERS,1,1,"0,68","0,25",4,1,2,CENTRO-OESTE
1051,EMPODERA 26,,3604,Hut8,FEJERS,5,0,"0,50","0,72",25,18,0,SUL
